timestamp,image,food,actual_g,estimated_g,error_g,error_pct,method,confidence,band_low,band_high,in_band,kcal,protein_g,carbs_g,fat_g,scan_id,latency_ms
2026-09-05T02:16:08+00:00,IMG_3938.jpeg,"egg, whole, cooked, scrambled",218.0,322.2,104.2,47.8,pixel_area,0.565,183.5,460.9,True,480.1,32.2,5.2,35.4,cc9ed4dd-4d78-4f00-a8c3-9c969efa3fc4,9901
2026-09-05T02:29:47+00:00,IMG_3938.jpeg,"egg, whole, cooked, scrambled",218.0,352.9,134.9,61.9,pixel_area,0.565,201.0,504.8,True,525.8,35.3,5.7,38.8,a0e62ce3-7115-40dd-a62b-d559248535d8,5714
2026-09-05T02:40:34+00:00,IMG_3938.jpeg,"egg, whole, cooked, scrambled",218.0,352.9,134.9,61.9,pixel_area,0.565,201.0,504.8,True,525.8,35.3,5.7,38.8,5535c199-69cb-4d3a-bbf5-1a741d1d0964,4770
2026-09-05T04:58:01+00:00,06-plate-meat-beans-rice.jpg,chicken drumstick with mole sauce,130.0,136.7,6.7,5.2,plate_reference,0.7,111.9,161.6,True,205.1,8.2,24.6,6.8,95844e95-346b-4c23-a84d-e1c86d8754ed,19956
2026-09-05T04:58:01+00:00,06-plate-meat-beans-rice.jpg,refried beans,60.0,62.1,2.1,3.5,plate_reference,0.61,50.0,74.1,True,93.2,3.7,11.2,3.1,95844e95-346b-4c23-a84d-e1c86d8754ed,19956
2026-09-05T04:58:01+00:00,06-plate-meat-beans-rice.jpg,mexican rice,120.0,102.4,-17.6,-14.7,plate_reference,0.7,83.8,121.0,True,153.6,6.1,18.4,5.1,95844e95-346b-4c23-a84d-e1c86d8754ed,19956
2026-09-05T05:22:21+00:00,07-plate-4items-topdown.jpg,"chicken drumstick, rotisserie, skin eaten",148.0,76.0,-72.0,-48.6,plate_reference,0.65,57.5,94.5,False,156.6,19.5,0.1,8.7,bf722012-2888-4056-a48c-24dbd5b705c4,28893
2026-09-05T05:22:21+00:00,07-plate-4items-topdown.jpg,refried beans,79.0,58.3,-20.7,-26.2,plate_reference,0.7,44.0,72.6,False,87.5,3.5,10.5,2.9,bf722012-2888-4056-a48c-24dbd5b705c4,28893
2026-09-05T05:22:21+00:00,07-plate-4items-topdown.jpg,mexican rice,66.0,74.3,8.3,12.6,plate_reference,0.72,56.1,92.5,True,111.5,4.5,13.4,3.7,bf722012-2888-4056-a48c-24dbd5b705c4,28893
2026-09-05T05:58:29+00:00,07-plate-4items-topdown.jpg,"chicken drumstick, rotisserie, skin eaten",148.0,91.2,-56.8,-38.4,plate_reference,0.65,73.6,108.7,False,187.9,23.4,0.1,10.5,8471d5bb-498d-4fe3-a107-1e9b4f15ecc3,22568
2026-09-05T05:58:29+00:00,07-plate-4items-topdown.jpg,refried beans,79.0,68.9,-10.1,-12.8,plate_reference,0.6,55.4,82.5,True,103.4,4.1,12.4,3.4,8471d5bb-498d-4fe3-a107-1e9b4f15ecc3,22568
2026-09-05T05:58:29+00:00,07-plate-4items-topdown.jpg,mexican rice,66.0,71.8,5.8,8.8,plate_reference,0.6,57.7,85.8,True,107.7,4.3,12.9,3.6,8471d5bb-498d-4fe3-a107-1e9b4f15ecc3,22568
2026-09-05T06:06:49+00:00,07-plate-4items-topdown.jpg,"chicken drumstick, rotisserie, skin eaten",148.0,159.6,11.6,7.8,plate_reference,0.75,126.8,192.4,True,328.8,40.9,0.2,18.3,38f79ced-863f-4b5b-a8b9-bda23959a9e2,24717
2026-09-05T06:06:49+00:00,07-plate-4items-topdown.jpg,refried beans,79.0,91.6,12.6,15.9,plate_reference,0.8,73.4,109.9,True,137.4,5.5,16.5,4.6,38f79ced-863f-4b5b-a8b9-bda23959a9e2,24717
2026-09-05T06:06:49+00:00,07-plate-4items-topdown.jpg,mexican rice,66.0,93.1,27.1,41.1,plate_reference,0.8,74.8,111.5,False,139.6,5.6,16.8,4.7,38f79ced-863f-4b5b-a8b9-bda23959a9e2,24717
2026-09-05T06:06:49+00:00,07-plate-4items-topdown.jpg,spaghetti with chicken,133.0,173.3,40.3,30.3,plate_reference,0.7,138.2,208.4,False,251.3,16.5,32.1,6.1,38f79ced-863f-4b5b-a8b9-bda23959a9e2,24717
2026-09-05T06:13:37+00:00,07-plate-4items-topdown.jpg,"chicken drumstick, rotisserie, skin eaten",148.0,142.4,-5.6,-3.8,plate_reference,0.75,113.6,171.3,True,293.3,36.5,0.2,16.3,b9d41377-a973-4101-be4c-1a1e46e21b22,22694
2026-09-05T06:13:37+00:00,07-plate-4items-topdown.jpg,refried beans,79.0,92.2,13.2,16.7,plate_reference,0.7,73.4,110.9,True,138.3,5.5,16.6,4.6,b9d41377-a973-4101-be4c-1a1e46e21b22,22694
2026-09-05T06:13:37+00:00,07-plate-4items-topdown.jpg,mexican rice,66.0,91.2,25.2,38.2,plate_reference,0.7,72.8,109.6,False,136.8,5.5,16.4,4.6,b9d41377-a973-4101-be4c-1a1e46e21b22,22694
2026-09-05T06:13:37+00:00,07-plate-4items-topdown.jpg,spaghetti,133.0,144.4,11.4,8.6,plate_reference,0.65,115.1,173.7,True,189.2,7.2,36.1,1.6,b9d41377-a973-4101-be4c-1a1e46e21b22,22694
2026-09-05T06:20:57+00:00,07-plate-4items-topdown.jpg,"chicken drumstick, rotisserie, skin eaten",148.0,142.4,-5.6,-3.8,plate_reference,0.55,113.6,171.3,True,293.3,36.5,0.2,16.3,c488b4bd-b061-4a83-b6e0-27230d813484,21304
2026-09-05T06:20:57+00:00,07-plate-4items-topdown.jpg,refried beans,79.0,76.5,-2.5,-3.2,plate_reference,0.59,61.3,91.6,True,114.8,4.6,13.8,3.8,c488b4bd-b061-4a83-b6e0-27230d813484,21304
2026-09-05T06:20:57+00:00,07-plate-4items-topdown.jpg,mexican rice,66.0,79.6,13.6,20.6,plate_reference,0.59,63.9,95.3,True,119.4,4.8,14.3,4.0,c488b4bd-b061-4a83-b6e0-27230d813484,21304
2026-09-05T06:20:57+00:00,07-plate-4items-topdown.jpg,spaghetti,133.0,144.4,11.4,8.6,plate_reference,0.55,115.1,173.7,True,189.2,7.2,36.1,1.6,c488b4bd-b061-4a83-b6e0-27230d813484,21304
2026-09-05T06:37:52+00:00,07-plate-4items-topdown.jpg,"chicken drumstick, grilled with sauce, skin eaten",148.0,141.7,-6.3,-4.3,plate_reference,0.55,112.9,170.4,True,283.4,26.5,10.3,14.4,9090ec0d-db93-4a2b-ad95-97488447d1f8,25128
2026-09-05T06:37:52+00:00,07-plate-4items-topdown.jpg,refried beans,79.0,71.5,-7.5,-9.5,plate_reference,0.62,57.7,85.3,True,107.2,4.3,12.9,3.6,9090ec0d-db93-4a2b-ad95-97488447d1f8,25128
2026-09-05T06:37:52+00:00,07-plate-4items-topdown.jpg,mexican rice,66.0,68.8,2.8,4.2,plate_reference,0.62,55.5,82.0,True,103.2,4.1,12.4,3.4,9090ec0d-db93-4a2b-ad95-97488447d1f8,25128
2026-09-05T06:37:52+00:00,07-plate-4items-topdown.jpg,"squash, winter, spaghetti, cooked, boiled, drained, or baked, with salt",133.0,116.9,-16.1,-12.1,plate_reference,0.55,93.2,140.6,True,31.6,0.8,7.6,0.3,9090ec0d-db93-4a2b-ad95-97488447d1f8,25128
2026-09-05T19:27:14+00:00,08-plate-mole-chicken-topdown.jpg,grilled chicken drumstick,146.0,165.7,19.7,13.5,plate_reference,0.75,133.5,197.9,True,357.9,45.4,29.8,18.6,bffd8517-e4eb-4ebb-be25-284af57ff77b,23260
2026-09-05T19:27:14+00:00,08-plate-mole-chicken-topdown.jpg,mexican rice,72.0,121.9,49.9,69.3,plate_reference,0.8,98.4,145.5,False,182.9,7.3,21.9,6.1,bffd8517-e4eb-4ebb-be25-284af57ff77b,23260
2026-09-05T19:27:14+00:00,08-plate-mole-chicken-topdown.jpg,refried beans,109.0,84.5,-24.5,-22.5,plate_reference,0.78,68.2,100.9,False,126.8,5.1,15.2,4.2,bffd8517-e4eb-4ebb-be25-284af57ff77b,23260
2026-09-05T19:51:13+00:00,08-plate-mole-chicken-topdown.jpg,grilled chicken drumstick,146.0,142.3,-3.7,-2.5,plate_reference,0.75,114.8,169.7,True,307.4,39.0,25.6,15.9,3778b2ea-7229-4406-8d86-76576226f5ec,21084
2026-09-05T19:51:13+00:00,08-plate-mole-chicken-topdown.jpg,mexican rice,72.0,85.9,13.9,19.3,plate_reference,0.72,69.1,102.6,True,128.9,5.2,15.5,4.3,3778b2ea-7229-4406-8d86-76576226f5ec,21084
2026-09-05T19:51:13+00:00,08-plate-mole-chicken-topdown.jpg,refried beans,109.0,84.5,-24.5,-22.5,plate_reference,0.73,68.2,100.9,False,126.8,5.1,15.2,4.2,3778b2ea-7229-4406-8d86-76576226f5ec,21084
